<?xml version="1.0"?>
<!DOCTYPE modification SYSTEM "http://www.simplemachines.org/xml/modification">
<modification xmlns="http://www.simplemachines.org/xml/modification" xmlns:smf="http://www.simplemachines.org/">
 <id>Dragooon:DefaultAvatar</id>
 <version>1.1</version>

 <file name="$sourcedir/ManageAttachments.php">
  <operation>
   <search position="before"><![CDATA['custom_avatar_enabled' => empty($_POST['custom_avatar_enabled']) ? '0' : '1',]]></search>
   <add><![CDATA[		'attachmentDefaultavatar' =>  $_POST['attachmentDefaultavatar'],]]>
</add>
  </operation>
 </file>

 <file name="$themedir/ManageAttachments.template.php">
  <operation>
    <search position="after"><![CDATA[<tr class="windowbg2">
			<td colspan="2" align="center">
				<input type="submit" name="avatarSettings" value="', $txt['attachment_manager_save'], '" />
				<input type="hidden" name="sa" value="avatars" />
				<input type="hidden" name="sc" value="', $context['session_id'], '" />
			</td>
		</tr>]]></search>
   
    <add><![CDATA[<tr class = "titlebg">
<td colspan="2">',$txt['default_avatar_header'],'</td>
</tr>
<tr class="windowbg2">
			<td width="50%" align="right"><label for="attachmentDefaultavatar">',$txt['default_avatar_settings'],'</label>:<br/>
<span class="smalltext">', $txt['default_avatar_subtxt'], '</span></td>
<td><input type="text" name="attachmentDefaultavatar" id="attachmentDefaultavatar" value="', empty($modSettings['attachmentDefaultavatar']) ? '' : $modSettings['attachmentDefaultavatar'], '" size="40" /></td></tr>
]]>
</add>
  </operation>

 </file>

 <file name="$languagedir/Modifications.english.php">
  <operation>
    <search position="after"><![CDATA[?>]]></search>
   <add><![CDATA[
//Default Avatar Strings
$txt['default_avatar_header'] = 'Default Avatar';
$txt['default_avatar_settings'] = 'Default Avatar URL';
$txt['default_avatar_subtxt'] = 'If the User\'s avatar\'s field is empty, the avatar from this link is shown. Please Do NOT enter a path, it should be a link';
]]></add>
  </operation>
 </file>
  <file name="$languagedir/Modifications.greek.php" error="skip">
  <operation>
    <search position="after"><![CDATA[?>]]></search>
   <add><![CDATA[
//Default Avatar Strings
$txt['default_avatar_header'] = 'Προεπιλεγμένο Πορτραίτο';
$txt['default_avatar_settings'] = 'Διεύθυνση Προεπιλεγμένου Πορτραίτου';
$txt['default_avatar_subtxt'] = 'Αν το πεδίο πορτραίτου του χρήστη είναι κενό, εμφανίζεται το πορτραίτο αυτής της διεύθυνσης. Παρακαλούμε ΜΗΝ εισάγετε διαδρομή, εισάγετε διεύθυνση!';
]]></add>
  </operation>
 </file>
  <file name="$languagedir/Modifications.swedish.php" error="skip">
  <operation>
    <search position="after"><![CDATA[?>]]></search>
   <add><![CDATA[
//Default Avatar Strings
$txt['default_avatar_header'] = 'Standard medlemsbild';
$txt['default_avatar_settings'] = 'URL till standard medlemsbilden';
$txt['default_avatar_subtxt'] = 'Om medlemens avatarf&auml;lt &auml;r tomt, visas denna medlemsbild. Skriv inte in en s&ouml;kv&auml;g, det m&aring;ste vara en l&auml;nk';
]]></add>
  </operation>
 </file>
    <file name="$languagedir/Modifications.turkish.php" error="skip">
  <operation>
    <search position="after"><![CDATA[?>]]></search>
   <add><![CDATA[
//Default Avatar Strings
$txt['default_avatar_header'] = 'Varsayılan Avatar';
$txt['default_avatar_settings'] = 'Varsayılan Avatar URL\'si';
$txt['default_avatar_subtxt'] = 'Eğer üyenizin avatarı yoksa linkteki avatar görülecek. Lütfen tam linki yazın';
]]></add>
  </operation>
 </file>
 <file name="$sourcedir/Load.php">
 	<operation>
	 	<search position="after"><![CDATA[	// Set up the $user_info array.]]></search>
	 	<add><![CDATA[
	 	if(((!isset($user_settings['avatar']) || empty($user_settings['avatar'])) && (!isset($user_settings['ID_ATTACH']) || $user_settings['ID_ATTACH'] == 0)) && !empty($modSettings['attachmentDefaultavatar']))
	 		$user_settings['avatar'] = $modSettings['attachmentDefaultavatar'];
	 	]]></add>
	</operation>
	<operation>
		<search positiion="after"><![CDATA[// What a monstrous array...]]></search>
		<add><![CDATA[
	 	if(((!isset($profile['avatar']) || empty($profile['avatar'])) && (!isset($profile['ID_ATTACH']) || $profile['ID_ATTACH'] == 0)) && !empty($modSettings['attachmentDefaultavatar']))
	 		$profile['avatar'] = $modSettings['attachmentDefaultavatar'];
		]]></add>
	</operation>
</file>	
</modification>